Brand Name,Description,category,status,website url,Brand keywords,Brand Guidelines Link,Logo Pack
Way Parking,"Airport, city and event parking booked ahead. Way Parking covers airport lots, cruise ports, city garages and event venues, with prepaid reservations, free cancellation and shuttle timing shown on every listing.",Mobility,Live,way.com/parking,Reliable | Practical | Reassuring | Efficient | Value-led | Punctual | Straightforward | Secure | Familiar | Calm,drive.google.com/way-parking-brand-guidelines,drive.google.com/way-parking-logo-pack
Way Car Wash,,,,,,,
Way Gas,,,,,,,
Way Refinance,,,,,,,
Way Repair,,,,,,,
Way EV Charging,,,,,,,
Way Roadside,,,,,,,
Way Insurance,,,,,,,
Way+,,,,,,,
Paymeter,,,,,,,
,,,,,,,
,,,,,,,
,,,,,,,
,,,,,,,
,,,,,,,
,,,,,,,
,,,,,,,
,,,,,,,
,,,,,,,
,,,,,,,
